제목,URL,내용
눈 왔지만 예상보다 적었던 적설량…10일까지 이어져,https://v.daum.net/v/20240109173216972,"(서울=연합뉴스) 이재영 기자 = 9일 중부지방을 중심으로 눈이 내렸지만, 예상보다는 적설량이 적었다. 눈은 10일 오후가 되기 전 대체로 그치겠다. 
9일 오후 5시 기준 이날 중 새로 내려 쌓인 눈의 양(일신적설)을 보면 강원 평창군(면온) 3.8㎝가 최고였다. 서울은 이날 2.8㎝ 눈이 새로 쌓였다. 
눈이 내리지 않은 것은 아니지만 앞서 예보된 '대설' 수준까지는 아니었다.
저기압에 동반된 눈구름대가 예상보다 빠르게 이동하면서 눈이 내리는 시간이 짧아 적설량도 적었다. 
지난 주말과 월요일 한파를 일으킨 고기압이 변질된 이동성고기압이 우리나라 남동쪽에서 예상보다 오래 버티지 못한 점, 북동쪽에서 새로 다가오는 대륙고기압 확장세가 강한 점, 대기 상층 동서흐름이 비교적 원활한 점 등이 저기압을 빠르게 남동진시킨 것으로 보인다.
기상청은 오후 5시 예보에서 이날 중부내륙과 남부내륙 일부에는 눈, 나머지 지역과 제주에는 눈이나 비가 이어질 것으로 예상했다. 
이후 늦은 밤 서울·인천·경기북부부터 강수가 끝나기 시작해 10일 오전에는 경기남부·강원·충청·호남, 10일 오후에는 영남과 제주에서도 눈과 비가 그칠 것으로 내다봤다. 
추가 적설량은 경북북부·경북남서내륙·경북북동산지 5~10㎝, 강원남부내륙·강원중부산지·강원남부산지·충북·전북동부 3~8㎝(최대 10㎝ 이상), 대전·세종·충남내륙·제주산지 3~8㎝, 서울과 경기남부내륙 2~7㎝, 인천·경기서해안과 경기북부내륙·강원중부내륙·강원북부내륙·강원북부산지·강원동해안·충남서해안·전북서부내륙·대구·경북중부내륙·경북남부내륙·경북동해안·울산·경남내륙 1~5㎝ 등이 예상된다. 
예상 추가 강수량은 충청·전북·세종·영남·제주 5~20㎜, 강원남부내륙·강원중부산지·강원남부산지·광주·전남 5~10㎜, 수도권 등 나머지 지역 5㎜ 내외다.
10일 아침에도 내륙을 중심으로 기온이 영하에 머물겠다. 
0도에 못 미치는 낮에는 기온에 내린 눈과 비가 얼어붙어 빙판이 만들어질 수 있으니 조심해야 한다. 
10일 아침 최저기온은 영하 7도에서 영상 4도 사이, 낮 최고기온은 영상 4~10도일 것으로 예상된다. 
주요 도시 예상 최저기온과 최고기온은 서울 영하 3도와 영상 6도, 인천 영하 3도와 영상 4도, 대전 영하 3도와 영상 4도, 광주·대구 0도와 영상 7도, 울산 영상 3도와 영상 7도, 부산 영상 3도와 영상 10도다. 
10일 경상해안과 제주에 순간풍속이 시속 70㎞(20㎧) 이상인 강풍이 불겠다. 
제주산지는 순간풍속이 시속 90㎞(25㎧)를 넘기도 하겠다. 
경상해안 외 해안에도 강풍이 예상된다. 
바다의 경우 대부분 해상의 바람이 시속 35~65㎞(10~18㎧)로 거세고, 물결이 2~4ｍ(동해남부먼바다와 남해동부먼바다는 최대 5ｍ)로 매우 높겠다. 
동해안에 11일까지 너울이 유입되면서 갯바위나 방파제를 넘을 정도로 높은 물결이 밀려오겠으니 주의해야 한다. 
jylee24@yna.co.kr
▶제보는 카톡 okjebo"
‘이태원 특별법’ 野 단독 처리… 국민의힘 의원들 퇴장,https://v.daum.net/v/20240109170515881,"‘이태원 참사 특별법’이 9일 국회를 통과했다.
국회는 9일 본회의에서 더불어민주당 주도로 상정된 ‘10·29 이태원 참사 피해자 권리보장과 진상규명 및 재발 방지를 위한 특별법’을 의결했다. 표결은 민주당을 포함한 야당 의원들의 참여로만 이뤄졌다. 국민의힘은 야당 강행 처리에 항의하며 본회의장에서 퇴장했다.
여야는 그동안 특조위 설치에 일부 공감대를 형성했지만, 위원 구성 같은 세부 사항에서 이견을 좁히 못했다. 표결을 앞둔 여야 협상은 결렬됐다. 민주당은 당초 발의안에 김진표 국회의장의 중재안을 일부 반영한 수정안을 제출, 본회의 표결에 부쳤다.
‘이태원 참사 특별법’은 2022년 10월 29일 서울 이태원에서 대규모 인명피해를 낸 참사를 재조사하기 위한 특별조사위원회를 구성하는 내용을 담고 있다. 특조위는 상임위원 3명을 포함해 모두 11명이다.
특조위원은 국회의장이 참사 유가족 등 관련 단체와 협의해 추천한 3명, 여야에서 각각 추천한 4명씩으로 구성된다. 국회의장, 여당, 야당은 상임위원을 각 1명씩 추천하게 된다. 위원장은 상임위원 중 특조위 의결로 선출된다.
특조위 직원 정원은 60명이다. 필요할 경우 정부와 지방자치단체에 공무원 파견을 요청할 수 있다. 활동 기간은 1년 이내지만 필요하면 3개월씩 두 차례 연장할 수 있다. 최대 1년6개월간 활동할 수 있다.
김철오 기자 kcopd@kmib.co.kr
GoodNews paper ⓒ 국민일보(www.kmib.co.kr), 무단전재 및 수집, 재배포금지"
2027년부터 식용 목적 사육·도살 금지…보신탕 사라진다,https://v.daum.net/v/20240109171601332,"식용을 위한 개 사육과 도살이 2027년부터 법적으로 금지된다. 오랜 시간 한국인의 대표 보양식으로 꼽혀온 '보신탕'도 사라질 전망이다.
농림축산식품부는 식용을 위한 개 사육·도살을 금지하는 ‘개 식용 금지법’(개의 식용 목적의 사육·도살 및 유통 등 종식에 관한 특별법)이 9일 국회 본회의를 통과했다고 밝혔다.
제정안은 식용을 목적으로 개를 사육·증식하거나 도살하는 행위, 개나 개를 원료로 조리·가공한 식품을 유통·판매하는 행위를 금지하는 것이 골자다.
식용 목적으로 개를 도살하면 3년 이하 징역 또는 3000만원 이하 벌금, 사육·증식·유통하면 2년 이하 징역 또는 2000만원 이하 벌금에 처해진다. 
개 사육농장 등은 공포 후 3개월 이내에 운영현황 등을 지자체에 신고하고, 6개월 이내에 종식 이행계획서를 제출해야 한다. 공포 후 3년 후인 2027년부턴 개를 식용 목적으로 사육, 도살, 유통, 판매하는 행위가 금지된다.
개 식용 종식 논의는 지난 정부에서 시작돼 사회적 논의기구 등을 통해 지속해 왔다. 하지만 국민 간, 이해관계자 단체간 합의 도출에 번번이 실패해왔다.
지지부진했던 개 식용 종식 논의는 윤석열 정부가 이를 국정과제로 추진하면서 급물살을 탔다. 정치권도 여야 모두 특별법 제정을 당론으로 채택해 신속하게 처리하면서 이견 없이 마무리됐다.
법은 제정됐지만 기존 개고기 관련 업계에 대한 보상 문제는 아직 남아있다. 제정안에 따르면 국가나 지자체는 관련 업자의 폐업, 전업을 지원해야 한다. 농식품부 역시 ""특별법에 따라 전업 폐업하는 사육농장, 도축․유통상인, 식당 등이 안정적인 경제활동을 이어가도록 합리적 범위 내에서 최대한 지원하겠다""고 밝혔다.
하지만 보상 범위는 아직 미정이다. 육견협회는 1마리당 200만원 보상하고 감평 금액에 따른 시설 장비 보상도 요구하고 있다. 농림축산식품부에 따르면 지난해 기준 전국 1100여 개농장에 약 52만 마리가 사육 중이다. 이에 반해 육견협회는 사육 마릿수를 200만 마리라 주장하고 있다.
송미령 장관은 “대한민국은 동물복지 사회로 빠르게 변화하고 있고 이제는 개 식용 문제를 조속히 해결하기 위해 정부가 행동해야 할 시점이라고 본다”며 “육견업계, 동물보호단체 등과 지속 소통하면서 합리적인 범위에서 지원방안을 마련할 예정""이라고 말했다.
황정환 기자 jung@hankyung.com "
"의대학장·교수단체 의대증원 찬성한다지만…""350명만 늘려야""",https://v.daum.net/v/20240109173036910,"(서울=연합뉴스) 성서호 기자 = 대한의사협회(의협)를 중심으로 의사단체들이 정부의 의대 증원 정책에 강력하게 반대하는 가운데, 의대 학장·교수단체가 찬성 의견을 내놨다.
하지만 제시한 증원 폭이 고작 350명에 불과했다. 2000년 수준으로만 돌려놔야 한다는 뜻이다.
한국의과대학장협의회가 전신인 한국의과대학·의학전문대학원협회(의대협회)는 9일 입장문을 내고 ""2025학년도 입학 정원에 반영할 수 있는 증원 규모는 40개 의과대학에서 350명 수준이 적절하다""고 밝혔다.
350명은 지난 2000년 의약 분업 당시 감축했던 의사 인력의 수로, 앞서 줄어든 만큼만 늘려야 한다는 뜻이다. 의대 정원은 2006년 이후 3천58명으로 묶여 있다.
의대협회는 우선 ""의대 입학정원은 최근 불거진 필수·지역의료 위기의 본질이 아니다""고 선을 그었다.
협회는 ""총증원 규모는 의학교육 질의 저하를 막고 교육 현장의 혼란을 방지하기 위해 매우 신중하게 접근해야 한다""며 ""교육자원의 확충과 이에 대한 재정 투입이 불투명한 상황에서 2025학년도에 반영할 수 있는 증원 규모는 350명 수준이 적절하다""고 강조했다.
그러면서 ""향후 의료 인력의 수급 양상과 필수의료 확충의 가시적인 성과를 지켜보면서 추가적인 조정 논의도 할 수 있을 것""이라고 덧붙였다.
정부는 이달 안에 구체적인 의대 입학정원 증원 규모를 발표할 것으로 알려졌다.
soho@yna.co.kr
▶제보는 카톡 okjebo"
“돈에 대해 더 알고 싶은데…” 학교서 ‘경제’는 외면,https://v.daum.net/v/20240109171208185,"서울 강서구 A고등학교에 다니는 한 학생은 올해 수능에 재도전하기로 했다. 그러나 지난해와 달리 수능 사회탐구 영역에서 ‘경제’ 과목은 선택하지 않을 작정이다. 경영·경제학과에 진학하기를 희망해 선행 학습하는 차원에서 이 과목을 택했지만 너무 어려워 결과가 좋지 않았다. 이 학생은 “‘수능 경제는 외고생들이 많이 봐 경쟁이 치열하니 다른 과목을 선택하라’는 학교 선생님 말씀을 들을 걸 그랬다”고 말했다.
한국의 학교에서 경제·금융 교육은 없는 것이나 마찬가지다. 주식·채권·펀드 투자나 부동산 임대차 등 실생활에서 필요한 경제 지식을 가르치는 곳은 거의 없다. 고교 교육 과정에 경제가 있고 이는 수능 사회탐구 9개 선택 과목 중 하나지만 선택하는 학생은 많지 않다. 9일 한국교육과정평가원에 따르면 2024학년도 수능에서 경제를 선택한 학생은 4890명으로 전체 응시자(44만4870명) 중 1.1%에 불과했다. 사회탐구 영역 선택 학생(19만9890명) 중에서는 2.4%였다. 수능 경제 선택자 비율은 2007학년도 16%를 정점으로 꾸준히 내리막을 걸어 2012학년도 6%가 된 뒤 지금까지 추세를 뒤집지 못하고 있다.
경제 과목이 외면받는 가장 큰 원인은 난도다. 수능 경제는 대체로 어렵게 출제된다. 모든 문제를 맞히면 높은 표준점수를 얻을 수 있지만 이를 위해선 상당한 준비가 필요하다. A고 한 교사는 “수능 경제는 어렵지만 제대로 공부하면 높은 점수를 얻을 수 있어 외고생 선호도가 특히 높다”고 말했다.
일부 일반 인문계고에서는 수능 경제를 제대로 배우기조차 어려운 상황이다. 학생 수요가 적으니 가르치는 교사도 줄어드는 악순환이다. 서울 은평구 B고등학교 한 교사는 “매 학기 수업 시수를 일정 이상 채워야 하는데 수능 경제는 요즘 한 학교에서 1개 반만 개설되므로 ‘정치와 법’ 등 다른 과목을 함께 준비해야 한다”면서 “개설 반이 많아 수업 시수를 손쉽게 채울 수 있는 ‘사회 문화’ 등과 달리 수능 경제를 가르치려면 2~3개 과목 수업을 준비해야 해 교사도 피한다”고 말했다. 상황이 이렇다 보니 수능 경제를 맡을 정규 교사도, 기간제 선생님도 구하지 못해 수업을 아예 개설하지 않는 인문계고도 있다.
경제 과목을 공부해도 금융 교육을 제대로 받았다고 말하기 어렵다. 이 과목은 가장 마지막인 6단원이 ‘경제생활과 금융’으로 화폐와 이자율, 금융 시스템, 신용, 자산 관리, 재무 설계 등으로 구성돼 있다. 그러나 수능에서는 6단원이 잘 출제되지 않아 ‘학생들이 한 번 훑어보고 마는’ 부분으로 전락했다. 경제를 택하지 않는 학생은 고 1 ‘통합 사회’ 과목에서 금융 시장 관련 내용을 잠깐 배울 수 있지만 아주 기초적인 수준이다. 학생 때 배워야 할 기초 경제 교육이 제대로 되지 않고 있는 것이다. 국가 교육 과정에 ‘금융 수학’까지 마련돼 있는 영국과 대조적이다.
학생들은 어려운 수능 선택 과목인 경제가 아닌 ‘진짜 경제 공부’에 목말라 있다. 기획재정부가 지난해 10~11월 전국 초·중·고등학생 5000명을 대상으로 벌인 ‘학생 경제 이해력 조사’ 결과를 보면 중학생의 45.4%, 고등학생의 51.4%가 “교내 경제 교육 시간이 부족하다”고 답했다. 중학생(46.1%)과 고등학생(52.3%)은 가장 받고 싶은 경제 교육 내용으로 ‘금융 상품’을 꼽았다. 시장 수요와 공급, 비교 우위 등 ‘기본 경제 원리’를 배우고 싶다는 의견도 중·고교생 모두에서 30%를 넘겼다.
교사들은 ‘창의적 체험 활동’과 같은 방과 후 학교 프로그램으로 진짜 경제 공부를 활성화해야 한다고 입을 모은다. 돈에 대해 배우고 싶어하는 중·고교생이 많으니 딱딱하고 재미없는 수능 경제가 아니라 실생활과 맞닿은 경제 수업을 마련하면 호응도가 높을 것이라는 설명이다. B고 교사는 “한국 경제 규모가 커지면서 돈과 금융에 대한 학생 관심은 계속 늘어나고 있다”면서 “실전 주식·펀드 투자나 금융기관·금융사 탐방 수업, 기업 분석 동아리 등 실효성 있는 경제 교육 프로그램을 만들면 문·이과를 떠나 학생 호응이 뜨거울 것”이라고 말했다.
김진욱 기자 reality@kmib.co.kr
GoodNews paper ⓒ 국민일보(www.kmib.co.kr), 무단전재 및 수집, 재배포금지"
중국군은 ‘당나라 군대’…이번엔 미사일 연료 빼내 훠궈 조리,https://v.daum.net/v/20240109171505305,"시진핑 중국 국가주석의 반부패 표적인 중국군이 미사일 연료로 불을 피워 훠궈 요리를 해 먹었다는 증언이 나왔다. 연료 대신 물이 채워진 미사일이 창고에 수북하게 쌓여 있다는 미 정보당국의 판단에 이은 것으로 중국군 내부의 부정부패가 매우 심각한 수준으로 해석된다.
미국 자유아시아방송(RFA)은 8일(현지시간) 중국 인민해방군 공군사령부 참모 장교 출신인 야오 청 전 해군 중령을 인용해 만연한 부패와 자금 부족이 중국군의 장비 역량을 갉아먹고 있다고 보도했다. 청은 공군 참모 장교 재직 당시를 떠올리며 “우리는 훠궈를 먹을 때마다 무기고에 있는 미사일에서 작고 둥근 고체 연료를 하나씩 빼왔다”며 “연료 공급이 충분하지 않았기 때문”이라고 말했다. 그는 “만찬과 선물에 필요한 예산은 장비부에서 가져온다”며 “장비 예산은 충분했겠지만 예산이 유용되면서부터는 그러지 못했다”고 덧붙였다.
중국 중앙군사위원회 장비발전부는 지난해 7월 2017년 10월 이후 군사 장비 조달 과정에서 발생한 부패 의혹을 조사한다고 발표했고 이후 로켓군 수뇌부들이 대거 교체됐다. 2017년 9월부터 2022년까지 장비발전부장을 지낸 리상푸 전 국방부장도 전격 해임됐다. 시 주석은 이날 중앙기율검사위원회·국가감찰위원회 회의에서 “부패 척결이 압도적인 승리를 거뒀지만 여전히 상황이 엄중하고 복잡하다”고 말했다.
앞서 블룸버그통신에 따르면 미 정보당국은 중국군, 특히 2016년 창설된 로켓군의 부패가 매우 심각해 전투 수행 능력이 크게 떨어진 상태라고 평가하고 있다. 시 주석이 최근 대대적인 군부 숙청에 나선 배경에 이러한 부패 문제가 있고 이 때문에 수년간은 주요 군사 작전 수행을 고려할 가능성이 작다는 것이다. 미 정보당국이 파악한 비리 사례로는 연료 대신 물이 채워졌거나 뚜껑 규격이 맞지 않아 쓰지 못하고 창고에 쌓여 있는 미사일 등이 있는 것으로 알려졌다.
베이징=권지혜 특파원 jhk@kmib.co.kr
GoodNews paper ⓒ 국민일보(www.kmib.co.kr), 무단전재 및 수집, 재배포금지"
"이태원참사 유가족 ""尹대통령, 특별법 즉시 공포해야""",https://v.daum.net/v/20240109172900827,"(서울=연합뉴스) 박형빈 기자 = 10·29 이태원참사 유가족협의회·시민대책회의는 9일 야당 주도로 국회를 통과한 '이태원 참사 특별법'에 대해 ""윤석열 대통령은 재의요구권을 행사할 것이 아니라 즉시 법률을 공포하라""고 촉구했다.
이들은 이날 국회 본회의 직후 낸 입장문에서 ""이른 시일 안에 제대로 된 진상조사기구가 출범할 수 있도록 정부와 국회는 적극 협력하라""며 이같이 밝혔다.
이들은 ""비록 여야 합의로 통과된 것은 아니지만 진상규명의 첫발을 뗐다는 점에서 의미가 작지 않다""며 ""더 이상의 진상조사는 필요 없다고 했던 정부와 여당의 입장을 고려하면 무엇보다 정부의 입김으로부터 자유로운 독립적인 진상조사기구 설치가 중요하다""고 강조했다.
그러면서 ""이런 취지에서 국회의장의 조사위원 추천 과정뿐만이 아니라 여야 모두가 유가족의 뜻을 반영해 조사위원을 추천하는 게 마땅하다""고 했다.
이날 민주당 주도로 통과된 특별법은 이태원 참사 진상 재조사를 위한 특별조사위원회를 구성하는 것이 골자다.
특조위는 상임위원 3명을 포함해 11명으로 구성된다. 특조위원은 국회의장이 유가족 등 관련 단체와 협의해 3명을 추천하고 여당이 4명, 야당이 4명 추천해 대통령이 임명하도록 했다.
상임위원은 국회의장과 여·야가 각각 1명씩 추천하며 위원장은 상임위원 중 특조위 의결로 선출한다.
국민의힘은 이날 야당의 강행 처리에 항의하며 표결에 불참했다.
binzz@yna.co.kr
▶제보는 카톡 okjebo"
"'사면복권' 野전병헌 총선 부적격 판정…田 ""헌법 무력화"" 반발",https://v.daum.net/v/20240109172510687,"(서울=연합뉴스) 한혜원 한주홍 기자 = 뇌물을 받은 혐의로 유죄 판결을 받았다가 사면 복권된 더불어민주당 전병헌 전 의원이 당 검증위원회에서 총선 후보자 부적격 판정을 받은 것으로 9일 알려졌다.
당 검증위는 뇌물수수 전력을 부적격 사유로 판단한 것으로 알려졌다.
전 전 의원은 대기업들을 상대로 e스포츠협회에 기부하거나 후원하게 한 혐의 등으로 기소돼 2021년 3월 뇌물수수·정치자금법 위반 혐의로 징역 1년에 집행유예 2년 형 등을 확정받았고, 지난 2022년 윤석열 대통령이 단행한 특별사면 명단에 포함됐다.
검증위 관계자는 연합뉴스와의 통화에서 ""부적격 판정 여부는 비공개""라면서도 ""대통령 사면 여부와 부적격은 관련이 없다. 부적격 판단 기준은 '행위 여부'이다. 판결로 판단한다""고 설명했다.
서울 동작갑에서 3선을 지낸 전 전 의원은 올해 총선에서 이 지역구 출마를 준비해왔다. 해당 지역구 현역은 당 검증위원장인 김병기 의원이다.
전 전 의원은 이날 페이스북에 ""천부당하게 잘못된 결정에 즉각 이의 신청을 할 것""이라며 ""헌법에 명문화돼 있는 사면복권을 하위 당규에 의해 무력화시키는 것은 몰상식하며 위헌적 발상""이라고 반발했다.
그는 또 ""경선 당사자가 당무에 사적 이해에 따라 연이어 자신의 경쟁자를 불투명한 이유로 제거하고, 일관성 없는 기준으로 자신의 출마지를 '셀프 단수공천' 지역으로 만드는 것은 정당 역사상 볼 수 없는 후안무치""라고 김 의원을 겨냥하기도 했다.
역시 뇌물수수 유죄 판결을 받은 뒤 사면 복권된 신계륜 전 의원은 검증위 판정을 기다리다가 신청을 자진 철회했다.
신계륜 전 의원은 통화에서 ""검증위에 예비후보 신청서를 냈지만, 합격이든 불합격이든 통보가 안 오기에 자진 철회하겠다는 서류를 보냈다""고 밝혔다.
서울 성북을에서 4선을 한 신 전 의원은 국회 환경노동위원장 시절 서울종합예술실용학교 이사장에게 학교 이름에 '직업'을 빼고 '실용'을 넣을 수 있도록 법을 바꿔 달라는 청탁과 함께 금품을 수수한 혐의로 2017년 대법원에서 뇌물 수수 혐의로 징역형이 확정됐고, 전 전 의원과 같은 해 사면됐다.
hye1@yna.co.kr
▶제보는 카톡 okjebo"
"이재명 내일 퇴원 ""많이 호전""‥병원 나서며 '메시지' 낼 듯",https://v.daum.net/v/20240109172515690," 지난 2일 부산에서 흉기로 습격을 당해 치료를 받고 있는 이재명 더불어민주당 대표가 내일 퇴원할 예정입니다.
권혁기 민주당 당대표 정무기획실장은 오늘 오후 국회에서 기자들과 만나 ""이 대표 상태가 많이 호전돼 내일 퇴원한다""며 이같이 밝혔습니다.
권 실장은 ""이 대표는 퇴원하면 귀가해 당분간 자택에서 치료를 이어갈 예정""이라며, ""퇴원 결정은 오늘 병원 측에서 했다""고 설명했습니다.
이 대표가 예정대로 퇴원하면 습격을 당한 지 8일 만이 됩니다.
민주당 측은 이 대표의 당무복귀 시점과 관련해선 ""아직 정해지지 않았다""고 밝혔습니다.
이 대표는 내일 퇴원하면서 이번 사태와 관련한 메시지를 직접 발표할 예정인 것으로 전해졌습니다.
앞서 이 대표는 지난 2일 오전 부산 강서구 가덕도에서 67살 김 모 씨가 휘두른 흉기에 목 부위를 찔려 내경정맥에 손상을 입었습니다.
이후 이 대표는 최초 이송된 부산대병원에서 서울대병원으로 옮겨져 혈관 재건술 등 수술을 받고 입원 치료를 이어왔습니다.
곽동건 기자(kwak@mbc.co.kr)
기사 원문 - https://imnews.imbc.com/news/2024/politics/article/6560863_36431.html
[저작권자(c) MBC (https://imnews.imbc.com) 무단복제-재배포 금지]"
"민주당, '이태원 특별법' 단독 처리…국민의힘 불참",https://v.daum.net/v/20240109170300763,"국회는 오늘(9일) 오후 본회의를 열어 더불어민주당의 요구로 상정된 '10·29 이태원참사 피해자 권리 보장과 진상 규명 및 재발 방지를 위한 특별법'을 의결했습니다.
민주당 등 야당 의원들만 표결에 참여했고, 국민의힘은 야당의 강행 처리에 항의하며 표결에 불참했습니다.
여야는 그동안 특별법 협상을 진행해 특조위 설치에 일부 공감대를 이뤘지만, 위원 구성 등 세부 사항에서 이견을 좁히지 못하면서 협상이 막판 결렬됐습니다.
이에 민주당은 애초 자당 발의안에 김진표 국회의장의 중재안을 일부 반영한 수정안을 제출해 본회의 표결에 부쳤습니다.
민주당 주도로 통과된 특별법은 이태원 참사 진상 재조사를 위한 특조위를 구성하는 것이 골자입니다.
특조위는 상임위원 3명을 포함해 11명으로 구성됩니다.
특조위원은 국회의장이 유가족 등 관련 단체와 협의해 3명을 추천하고, 여당이 4명, 야당이 4명 추천해 대통령이 임명하도록 했습니다.
상임위원은 국회의장과 여당, 야당이 각각 1명씩 추천하도록 했습니다.
위원장은 상임위원 중에서 특조위 의결로 선출합니다.
특조위 직원 정원은 60명이며, 필요시 정부와 지방자치단체에 공무원 파견을 요청할 수 있습니다.
활동기간은 1년 이내이지만 필요시 3개월씩 두 차례 연장할 수 있어 최대 1년 6개월간 활동이 가능합니다.
민주당 원안에 있던 특조위의 특검 요구 권한은 삭제됐고, 시행 시기도 '공포 후 3개월 경과한 날'에서 '올해 4월 10일'로 수정됐습니다.
김 의장의 중재안을 일부 반영한 결과입니다.
민주당이 여야 합의 없이 또다시 법안을 강행 처리하면서 윤석열 대통령이 거부권을 행사할지 주목됩니다.
국민의힘 윤재옥 원내대표는 거부권 건의 여부에 대해 ""오늘 그 얘기를 할 시기는 아닌 것 같다""며 ""조금 지켜봐주면 좋겠다""고 말했습니다.
(사진=연합뉴스)
           
박찬근 기자 geun@sbs.co.kr"
"태영건설 주요 채권단, 10일 추가 자구안 논의",https://v.daum.net/v/20240109171659369,"[아이뉴스24 이효정 기자] 산업은행이 10일 주요 채권단을 소집해 태영 측의 추가 자구안을 논의한다. 오는 11일 태영건설 워크아웃 개시를 앞두고 주요 채권단이 태영 측이 제시한 추가 자구안의 신뢰성을 검증하는 자리가 될 전망이다.
9일 윤세영 태영그룹 창업 회장은 서울 여의도 태영그룹 본사에서 ""필요하면 TY홀딩스와 SBS 보유 지분을 담보로 제공하겠다""며 ""기존 자구 계획안 외에 다른 계열사 매각이나 담보 제공도 계획도 있다""고 말했다.
이에 주채권은행인 산업은행은 채권단을 대표해 ""태영그룹이 발표한 추가 자구 계획과 계열주의 책임 이행 의지에 대해 긍정적으로 평가한다""며 ""시장 신뢰를 회복할 출발점이 될 것""이라며 긍정적으로 평가했다.
그러면서도 ""태영그룹이 약속한 자구 계획 중 하나라도 지켜지지 않으면 워크아웃 절차는 중단될 수 있다""며 ""실사 과정에서 대규모 추가 부실이 발견되면 워크아웃 절차가 중단될 것""이라고도 했다.
태영 측은 지난달 태영건설 워크아웃 신청 당시 △태영인더스트리 매각 대금 1549억원 지원 △에코비트 매각 및 매각 대금 지원 △블루원 지분 담보 제공 및 매각 추진 △평택싸이로 담보 제공을 자구안으로 제출했지만, 대주주의 사재 출연 등이 빠져 비판이 일자 태영 측은 추가 자구안을 내놨다.
회의는 산업은행 여의도 본점에서 5대 시중은행과 기업은행 등 주요 채권자들이 참석한다."
태백·영월·정선·강원남부 대설주의보,https://v.daum.net/v/20240109171910455,
[충북·세종 날씨] 내일 흐리고 눈·비... 예상적설량 최대 15Cm,https://v.daum.net/v/20240109162323297,"충북과 세종 오늘은 대체로 흐리고 낮부터 눈 또는 비가 내렸습니다. 낮 최고 기온은 3도 내외를 보였습니다. 내일은 대체로 흐리고, 충북 북부는 오전까지 충북 중남부는 낮까지 눈 또는 비가 내리겠습니다. 내일까지 예상 적설량은 북부 지역이 5~15Cm 중남부 지역은 3~8 Cm 많은 곳은 10Cm이상 내리는 곳도 있겠습니다. 예상강수량은 5~20mm입니다. 눈이 내린 후 빙판길과 도로 살얼음에 주의하시기 바랍니다. 아침 최저기온은 -3도에서 -1도, 낮 최고 기온은 청주 4도 충주 4도 제천 4도 세종 4도 등 3도에서 5도의 분포를 보이겠습니다."
"[인터뷰 전문] 천하람 ""'제3지대' 지역구는 모여서, 비례는 별개로 치르는 것도 가능한 시나리오""",https://v.daum.net/v/20240109155143738,
"[단독] 檢, 김만배-신학림 한 자리서 조우형에 ‘尹 커피’ 관련 전화 의심",https://v.daum.net/v/20240109172102543,"‘대선 개입 여론조작’ 의혹을 수사하는 검찰이 대장동 자금책 조우형씨로부터 “김만배(화천대유자산관리 대주주)씨가 전화로 ‘윤석열 커피’ 의혹을 물었을 때 아니라고 분명히 말했다”는 취지의 진술을 확보한 것으로 9일 파악됐다. 검찰은 김씨가 조씨와 이런 통화를 할 당시 허위 인터뷰를 진행한 신학림(전 뉴스타파 전문위원)씨도 함께 있었던 것으로 파악하고 있어 두 사람이 커피 의혹의 허위성을 인지하고도 공모했을 가능성에 무게를 두고 있다. 하지만 김씨와 신씨 측은 검찰의 이런 의심에 대해 사실이 아니라고 부인하고 있다.
서울신문 취재를 종합하면 서울중앙지검 특별수사팀(팀장 강백신)은 최근 조씨를 불러 조사하는 과정에서 “2021년 9월 19일 김씨가 ‘부산저축은행 수사 당시 윤석열 검사가 커피를 타준 것이 맞느냐’고 전화로 물어왔고, 나는 ‘사실이 아닌 것을 알면서도 왜 그렇게 질문 하느냐’고 반문했다”는 취지의 진술을 확보했다. 김씨는 당시 조씨에게 약 3분씩 두 차례 전화를 걸어 ‘부산저축은행 수사 무마’ 의혹 등을 캐물었던 것으로 전해졌다.
검찰은 당시 김씨가 ‘스피커폰’을 켜고 조씨와의 대화 내용을 신씨와 함께 들었다고 의심하고 있다. 이 날은 이른바 ‘김만배-신학림 허위 인터뷰’(2021년 9월 15일)가 진행되고 나흘이 지난 시점이다. 당시 김씨는 조씨 외에도 대장동 관계자 여럿에게 전화를 걸어 ‘커피 의혹이 맞느냐’며 관련 내용을 물어봤다고 한다.
앞서 뉴스타파가 공개한 녹취록에 따르면 김씨는 신씨와 허위 인터뷰를 하면서 “(조우형이 검찰에) 갔더니, 커피 한 잔 주면서 ‘가 인마’라고 했다. 윤석열이가 ‘니가 조우형이야?’ 이러면서”라고 말했다. 이에 신씨는 “윤석열이 (조우형을) 보냈단 말이야?”라고 되물었다. 김씨는 “응. 다른 검사가 커피, 몇 가지 하더니 보내주더래. 그래서 사건이 없어졌어”라고 답했다. 이를 놓고 더불어민주당 등은 ‘윤 대통령이 커피 타주고 수사를 무마했다’는 ‘윤석열 커피’ 의혹을 집중적으로 부각했다.
김씨 측은 이날 서울신문과의 통화에서 “당시 조씨와 전화를 했을 수 있겠지만 그런 대화를 한 사실이 없고 필요도 없던 상황이었다”며 “(신씨와의 인터뷰에서도) 김씨는 ‘윤석열이 커피를 타줬다’고 직접 말한 적이 없다”고 해명했다. 신씨 측도 ‘사실이 아니다’는 입장이다.
곽진웅·송수연 기자"
"우크라, 러 '파상 공습'에 대공미사일 동나",https://v.daum.net/v/20240109171221205,"(이스탄불=연합뉴스) 김동호 특파원 = 우크라이나군이 최근 잇따르는 러시아군의 대규모 공습에 대응하다 대공 무기가 부족해졌다고 9일(현지시간) 밝혔다.
로이터 통신에 따르면 유리 이흐나트 우크라이나 공군 대변인은 이날 TV 방송에 출연해 ""우크라이나는 최근 발생한 3번의 공격에 (무기) 비축량 상당부분을 사용했다""고 말했다.
그러면서 ""대공 유도 미사일이 부족한 것은 분명하다""고 털어놨다.
작년 12월 29일 러시아가 우크라이나에 개전 이후 역대 최대 규모의 폭격을 감행한 이후 양국은 새해 들어서도 공습을 주고받으며 화력을 쏟아붓고 있다.
우크라이나는 전날에도 러시아군의 공습에 대응해 순항미사일 18기, 샤헤드 무인기(드론) 8대 등을 격추했다고 밝혔다.
dk@yna.co.kr
▶제보는 카톡 okjebo"
"이재명, '이낙연 탈당' 앞두고 내일 퇴원 결정…""상태 호전""",https://v.daum.net/v/20240109161501902,"더불어민주당 이재명 대표가 흉기 피습 8일 만인 오는 10일 퇴원한다.
민주당 관계자는 9일 국회에서 기자들과 만나 ""이 대표 상태가 많이 호전돼서 내일 퇴원한다""라며 ""퇴원하면 자택으로 귀가하고 당분간 자택에서 치료를 이어갈 예정""이라고 밝혔다.
이 관계자는 ""당무 복귀는 미정""이라면서 ""퇴원은 오늘 병원에서 결정했다""고도 덧붙였다.
이 대표의 퇴원은 때마침 당내 탈당 러시가 본격화하기 직전에 이뤄졌다. 자칭 혁신계라고 불리는 당내 비이재명계 모임 '원칙과상식'이 10일 오전 기자회견을 공지한 상태고, 이낙연 전 대표 역시 그 다음날인 11일 탈당 및 신당 창당 선언 기자회견을 열 예정이다.
'원칙과상식' 소속 조응천 의원도 10일까지 통합 비상대책위원회 구성 및 대표직 사퇴 요구에 대해 이 대표가 답하지 않으면 탈당하겠다고 밝힌 상태다. 따라서 이 대표의 이날 퇴원 결정은 당내 줄탈당을 의식한 정치적 결정이라는 해석이 나온다.
이 대표는 지난 2일 부산 현지 방문 일정 중 김모 씨로부터 목 부위를 흉기로 습격당했다. 이 대표는 곧바로 부산대병원에서 응급 치료를 마친 뒤 헬기로 서울대병원으로 이송돼 수술과 입원 치료를 받았다.
CBS노컷뉴스 김기용 기자 kdragon@cbs.co.kr
▶ 기자와 카톡 채팅하기▶ 노컷뉴스 영상 구독하기 "
단양군 응급의학과 의사 채용 불발에 연봉 4억2천만원 '껑충',https://v.daum.net/v/20240109171421267,"(단양=연합뉴스) 권정상 기자 = 충북 단양군이 오는 7월 정식 개원을 앞둔 보건의료원에 근무할 응급의학과 전문의의 연봉을 4억2천여만원으로 올려 제시했다.
지난해 11월 진행한 보건의료원 전문의 채용 과정에서 응급의학과 응시자 1명이 자격 미달로 탈락하면서 추가 모집에 따른 연봉 인상이 불가피해진 탓이다.
9일 단양군에 따르면 보건의료원 응급의학과 전문의 1명을 채용하기 위한 추가 모집이 오는 11일까지 진행된다. 
연봉 수준은 4억2천240만원으로, 1차 모집 때의 3억8천400만원보다 10% 인상됐다. 
앞서 진행한 2, 3차 모집에서는 4억320만원을 제시했으나 적격자를 찾지 못했다.
단양군이 새로 제시한 연봉은 지방자치단체가 운영하는 보건의료원 중 최고 수준으로 알려졌다.
군 관계자는 ""공공의료원 중에서는 높은 수준이지만 일반 병원과 비교해서는 그리 높다고 볼 수 없다""면서 ""돈을 더 주더라도 우수 의료진을 확보해야 한다는 것이 단양군의 입장""이라고 전했다.
그러나 단양군이 높아진 연봉으로 응급의학과 전문의 채용에 성공할 경우 1차 모집 때 확보한 의료진과의 형평성 문제가 제기될 전망이다.
단양군은 1차 모집 때 3명의 전문의를 채용했는데, 연봉 수준은 응급의학과 3억8천400만원, 내과 3억6천600만원, 정신건강의학과 2억6천400만원이다.
이 때문에 단양군도 외부의 법률 조언을 받아 이미 채용을 완료한 의료진의 연봉을 인상할지 여부를 결정하겠다는 입장이다.
단양군은 보건의료원 소속 의사와 간호사를 위한 숙소로 아파트 6채를 매입한 상태로, 앞으로 15채를 추가 매입할 방침이다.
jusang@yna.co.kr
▶제보는 카톡 okjebo"
새해 외국인 관심주는 LGD·KT·KT&G,https://v.daum.net/v/20240109171808422,"올 들어 첫 5거래일 동안 외국인투자자가 연속해서 순매수한 종목은 LG디스플레이와 KT, KT&G, 한국항공우주 등으로 나타났다.
외국인이 투자를 많이 한 종목이라는 사실 자체가 실적 개선과 주가 반등 신호로 읽힐 수 있어 주목된다.
9일 한국거래소에 따르면 1월 들어 첫 5거래일 동안 연속해서 외국인의 순매수가 들어온 종목은 코스피와 코스닥을 합해 모두 72개다. 이 중 상위 5개 종목은 LG디스플레이(323만7701주), KT(71만1386주), KT&G(65만5812주), 한국항공우주(61만2387주), HD현대일렉트릭(45만3711주)으로 확인됐다.
LG디스플레이는 지난달 19일 1만940원을 저점으로 반등이 시작됐다. 이후 추세적 상승을 보이며 이달 9일에는 전일보다 1.62% 오른 1만3940원으로 장을 마쳤다.
정철동 LG디스플레이 사장은 미국 라스베이거스에서 ""회사를 재무적으로 건강하게 만들고 흑자 전환을 이끌어가는 것을 계획하고 있다""고 말했다.
당장 2022년과 2023년 실적은 2조~3조원대의 영업적자가 예상되지만 올해는 다를 것이라는 기대감을 내비친 것이다. 외국인의 수급이 들어온 것도 역사적 저점까지 내려간 주가가 반등할 타이밍이라는 판단에 따른 것으로 풀이된다.
KT는 작년 11월 30일 이후 하루도 빠지지 않고 외국인의 순매수가 이어진 종목이다. 특히 최근 한 달 사이에 모두 322만8000주 넘게 외국인의 매수세가 유입됐다.
증권가에서는 올해 1분기 KT의 영업이익을 전 분기 대비 1.6배로 불어난 4800억원 수준으로 예상하고 있다. 작년 4분기 추정 영업이익은 3000억원에 불과하기 때문이다. 
김준섭 KB증권 연구원은 ""최근 물가 상승에도 불구하고 비용 통제에 성공한 데다 기업 간 거래(B2B) 사업 부문의 성장세가 두드러졌다""고 분석했다.
한국항공우주는 지난달 28일부터 외국인의 순매수세가 연속해서 들어오고 있다. 이달 9일에도 1.31% 오른 5만4300원에 장을 마감했다. 장남현 한국투자증권 연구원은 ""한국항공우주는 2027년까지 꾸준한 성장세가 예상된다""면서 ""올해 국내와 해외 모두에서 큰 폭의 실적 개선이 예상되고 KF-21을 중심으로 대규모 양산이 시작되며 폴란드향 FA-50 훈련기 매출이 본격화될 것""이라고 내다봤다.
전통적인 배당주로 분류되는 KT&G 역시 올 들어 외국인의 꾸준한 순매수가 이어지고 있다. 해당 기간(1월 2~9일) 주가도 8만6000원에서 9만600원으로 올랐다. 
KT&G는 영업이익을 꾸준히 1조원 이상 기록하는 데다 최근 2년 동안 주당 5000원 이상의 배당을 주면서 배당수익률도 5%대를 훌쩍 넘겼다. 최지호 삼성증권 연구원은 ""국내 수요가 감소하는 점은 우려되지만 올해도 매출액 6조원에 영업이익 1조1700억원이 예상된다""고 했다.
[최희석 기자]"
日증시 33년만에 최고…거품경제 시절 주가 회복,https://v.daum.net/v/20240109171804413,"일본 증시 대표 주가지수인 닛케이225평균주가(닛케이지수)가 33년10개월 만에 최고치를 기록했다. 종목 전반에 매수세가 몰리면서 버블(거품) 때로 주가를 끌어올린 것이다.
9일 닛케이지수는 전 거래일보다 1.2% 오른 3만3763으로 거래를 마쳐 1990년 3월 이후 33년10개월 만에 가장 높은 수준을 기록했다. 미국 증시의 기술주 상승세에 힘입어 도쿄 증시에서도 도쿄일렉트론과 어드밴테스트 등 반도체 관련 주식을 중심으로 매수세가 유입됐다.
여기에 올해 새롭게 시작된 소액투자비과세제도(NISA) 역시 개인의 주식 매수로 연결됐다는 분석이다. 이에 따라 장중 한때 주가가 3만3990까지 오르는 등 버블 경제 붕괴 후 고점을 6개월 만에 경신했다. 앞서 닛케이지수는 지난해 7월 3일 거품 붕괴 후 종전 최고치인 3만3753까지 올랐다가 그 뒤 반년간 이를 뚫지 못했다.
닛케이지수는 지난해 봄 '투자 귀재' 워런 버핏이 5대 종합상사를 중심으로 투자 확대를 밝히면서 전 세계적으로 주목받기 시작했다. 해외 기관투자자도 시장이 저평가됐다는 판단을 내리면서 투자를 늘렸고, 작년 한 해 동안 28%나 오르며 1989년 이후 최고 상승률을 기록했다.
한편 닛케이지수는 버블 정점 때인 1989년 말에 3만8915로 최고치를 기록했지만, 버블 붕괴와 리먼 쇼크에 따른 금융위기 등의 영향으로 2009년 3월에는 7054까지 추락한 바 있다.
[도쿄 이승훈 특파원]"
